{
  "project_info": {
    "project_number": "921277267946",
    "firebase_url": "https://collegeapps-68064.firebaseio.com",
    "project_id": "collegeapps-68064",
    "storage_bucket": "collegeapps-68064.appspot.com"
  },
  "client": [
    {
      "client_info": {
        "mobilesdk_app_id": "1:921277267946:android:2025547abb32c036",
        "android_client_info": {
          "package_name": "com.krnblni.evetech.glaufirewallauthenticator"
        }
      },
      "oauth_client": [
        {
          "client_id": "921277267946-dk14otsfml3pbc0bigufp8g8oqfo8n1l.apps.googleusercontent.com",
          "client_type": 1,
          "android_info": {
            "package_name": "com.krnblni.evetech.glaufirewallauthenticator",
            "certificate_hash": "cd5a7551e25194e0db62e48030fc52c5dca1a5b5"
          }
        },
        {
          "client_id": "921277267946-8j1hsqnlc5r84ug3itari2v0b0ak9cvv.apps.googleusercontent.com",
          "client_type": 3
        }
      ],
      "api_key": [
        {
          "current_key": "AIzaSyAzMWwU-d0H6CawmRty7f_W8fmJP05aGdo"
        }
      ],
      "services": {
        "appinvite_service": {
          "other_platform_oauth_client": [
            {
              "client_id": "921277267946-8j1hsqnlc5r84ug3itari2v0b0ak9cvv.apps.googleusercontent.com",
              "client_type": 3
            }
          ]
        }
      }
    }
  ],
  "configuration_version": "1"
}